"행정구역(시군구)별","2021","","","","","","","","2022","","","","","","","","2023","","","","","","","","2024","","","","","","","","2025","","","","","","",""
"","총전입 (명)","총전출 (명)","순이동 (명)","시도내이동-시군구내 (명)","시도내이동-시군구간 전입 (명)","시도내이동-시군구간 전출 (명)","시도간전입 (명)","시도간전출 (명)","총전입 (명)","총전출 (명)","순이동 (명)","시도내이동-시군구내 (명)","시도내이동-시군구간 전입 (명)","시도내이동-시군구간 전출 (명)","시도간전입 (명)","시도간전출 (명)","총전입 (명)","총전출 (명)","순이동 (명)","시도내이동-시군구내 (명)","시도내이동-시군구간 전입 (명)","시도내이동-시군구간 전출 (명)","시도간전입 (명)","시도간전출 (명)","총전입 (명)","총전출 (명)","순이동 (명)","시도내이동-시군구내 (명)","시도내이동-시군구간 전입 (명)","시도내이동-시군구간 전출 (명)","시도간전입 (명)","시도간전출 (명)","총전입 (명)","총전출 (명)","순이동 (명)","시도내이동-시군구내 (명)","시도내이동-시군구간 전입 (명)","시도내이동-시군구간 전출 (명)","시도간전입 (명)","시도간전출 (명)"
"전국","7,213,422","7,213,422","0","2,649,108","2,117,080","2,117,080","2,447,234","2,447,234","6,152,155","6,152,155","0","2,173,548","1,805,002","1,805,002","2,173,605","2,173,605","6,128,738","6,128,738","0","2,154,739","1,831,457","1,831,457","2,142,542","2,142,542","6,283,319","6,283,319","0","2,241,537","1,867,255","1,867,255","2,174,527","2,174,527","6,117,784","6,117,784","0","2,095,832","1,836,039","1,836,039","2,185,913","2,185,913"
"서울특별시","1,418,187","1,524,430","-106,243","387,416","569,648","569,648","461,123","567,366","1,201,527","1,236,867","-35,340","302,805","468,146","468,146","430,576","465,916","1,206,963","1,238,213","-31,250","298,251","478,553","478,553","430,159","461,409","1,221,380","1,266,072","-44,692","304,519","488,413","488,413","428,448","473,140","1,244,928","1,271,697","-26,769","303,656","502,945","502,945","438,327","465,096"
"부산광역시","441,323","460,226","-18,903","136,072","189,085","189,085","116,166","135,069","383,848","397,410","-13,562","109,335","169,621","169,621","104,892","118,454","364,271","375,703","-11,432","103,359","158,695","158,695","102,217","113,649","378,597","392,254","-13,657","104,762","169,070","169,070","104,765","118,422","362,416","374,597","-12,181","98,453","157,725","157,725","106,238","118,419"
"대구광역시","304,761","329,080","-24,319","105,699","115,986","115,986","83,076","107,395","265,354","276,873","-11,519","81,016","102,771","102,771","81,567","93,086","296,291","301,579","-5,288","91,767","120,988","120,988","83,536","88,824","303,544","308,256","-4,712","95,053","121,986","121,986","86,505","91,217","268,468","272,740","-4,272","79,840","103,716","103,716","84,912","89,184"
"인천광역시","433,137","421,714","11,423","150,553","126,760","126,760","155,824","144,401","395,140","367,039","28,101","123,107","116,812","116,812","155,221","127,120","424,127","390,620","33,507","137,734","125,952","125,952","160,441","126,934","397,818","372,175","25,643","128,185","114,003","114,003","155,630","129,987","395,525","363,261","32,264","122,469","110,822","110,822","162,234","129,970"
"광주광역시","212,888","218,771","-5,883","74,956","73,211","73,211","64,721","70,604","182,924","190,566","-7,642","62,460","65,006","65,006","55,458","63,100","162,916","171,933","-9,017","53,131","56,299","56,299","53,486","62,503","172,439","180,401","-7,962","56,844","60,816","60,816","54,779","62,741","162,873","176,551","-13,678","52,858","56,288","56,288","53,727","67,405"
"대전광역시","211,565","220,496","-8,931","61,757","69,778","69,778","80,030","88,961","198,705","201,701","-2,996","56,435","66,849","66,849","75,421","78,417","186,084","188,558","-2,474","52,553","60,157","60,157","73,374","75,848","195,980","197,673","-1,693","54,349","65,686","65,686","75,945","77,638","207,372","204,548","2,824","58,381","68,979","68,979","80,012","77,188"
"울산광역시","129,880","143,554","-13,674","45,646","44,822","44,822","39,412","53,086","107,747","117,283","-9,536","35,345","35,818","35,818","36,584","46,120","116,641","122,856","-6,215","39,440","39,716","39,716","37,485","43,700","113,332","118,186","-4,854","36,014","37,808","37,808","39,510","44,364","114,205","119,679","-5,474","35,920","37,226","37,226","41,059","46,533"
"세종특별자치시","76,912","62,827","14,085","30,037","0","0","46,875","32,790","65,529","55,401","10,128","25,292","0","0","40,237","30,109","56,050","54,360","1,690","21,803","0","0","34,247","32,557","61,022","58,214","2,808","25,076","0","0","35,946","33,138","54,355","54,402","-47","21,007","0","0","33,348","33,395"
"경기도","2,036,215","1,885,698","150,517","779,725","586,091","586,091","670,399","519,882","1,645,990","1,602,108","43,882","627,887","476,258","476,258","541,845","497,963","1,681,183","1,636,571","44,612","642,812","496,261","496,261","542,110","497,498","1,726,287","1,662,069","64,218","660,752","507,926","507,926","557,609","493,391","1,628,873","1,595,903","32,970","595,484","491,577","491,577","541,812","508,842"
"강원특별자치도","217,103","210,422","6,681","98,709","34,936","34,936","83,458","76,777","194,864","187,370","7,494","87,946","31,044","31,044","75,874","68,380","173,366","174,763","-1,397","75,386","29,223","29,223","68,757","70,154","184,339","186,866","-2,527","85,326","30,196","30,196","68,817","71,344","182,825","184,212","-1,387","83,411","30,259","30,259","69,155","70,542"
"충청북도","214,300","210,838","3,462","105,180","26,250","26,250","82,870","79,408","185,419","180,218","5,201","86,905","22,333","22,333","76,181","70,980","186,341","182,468","3,873","92,185","20,994","20,994","73,162","69,289","189,758","186,513","3,245","92,337","22,465","22,465","74,956","71,711","199,201","188,412","10,789","92,057","25,389","25,389","81,755","70,966"
"충청남도","282,195","273,673","8,522","110,444","46,065","46,065","125,686","117,164","260,488","246,174","14,314","99,469","44,323","44,323","116,696","102,382","266,056","250,216","15,840","103,733","46,143","46,143","116,180","100,340","266,831","252,167","14,664","102,832","45,714","45,714","118,285","103,621","251,857","243,591","8,266","93,123","43,472","43,472","115,262","106,996"
"전북특별자치도","223,710","229,511","-5,801","114,540","47,692","47,692","61,478","67,279","199,432","204,547","-5,115","99,552","44,369","44,369","55,511","60,626","188,788","193,245","-4,457","90,549","44,274","44,274","53,965","58,422","198,792","204,852","-6,060","101,048","43,258","43,258","54,486","60,546","195,095","198,670","-3,575","93,274","45,301","45,301","56,520","60,095"
"전라남도","223,619","228,106","-4,487","89,248","49,323","49,323","85,048","89,535","191,956","192,301","-345","76,588","39,728","39,728","75,640","75,985","183,557","185,357","-1,800","72,898","38,984","38,984","71,675","73,475","183,834","187,822","-3,988","71,698","41,902","41,902","70,234","74,222","185,748","184,414","1,334","68,411","43,485","43,485","73,852","72,518"
"경상북도","317,866","314,529","3,337","131,535","55,875","55,875","130,456","127,119","263,156","270,822","-7,666","104,875","48,269","48,269","110,012","117,678","254,287","262,492","-8,205","101,492","45,727","45,727","107,068","115,273","278,273","286,276","-8,003","120,951","47,667","47,667","109,655","117,658","259,920","269,134","-9,214","105,254","46,751","46,751","107,915","117,129"
"경상남도","374,782","388,485","-13,703","178,975","72,297","72,297","123,510","137,213","323,211","341,758","-18,547","151,073","65,196","65,196","106,942","125,489","300,309","316,609","-16,300","135,405","60,994","60,994","103,910","120,210","329,398","338,467","-9,069","157,658","61,828","61,828","109,912","118,981","326,535","334,112","-7,577","150,999","64,087","64,087","111,449","119,026"
"제주특별자치도","94,979","91,062","3,917","48,616","9,261","9,261","37,102","33,185","86,865","83,717","3,148","43,458","8,459","8,459","34,948","31,800","81,508","83,195","-1,687","42,241","8,497","8,497","30,770","32,457","81,695","85,056","-3,361","44,133","8,517","8,517","29,045","32,406","77,588","81,861","-4,273","41,235","8,017","8,017","28,336","32,609"
